{"chunk_definitions":[{"chunk_id":"csetup_chunk","chunk_label":"setup","document_id":"55B8BDA0","expansion_state":0,"options":{"engine":"r","include":false,"label":"setup"},"row":29,"row_count":1,"visible":true},{"chunk_id":"catbm19zhdb0n","chunk_label":"pressure","document_id":"55B8BDA0","expansion_state":0,"options":{"echo":false,"engine":"r","label":"pressure"},"row":64,"row_count":1,"visible":true},{"chunk_id":"cxd2a901k2vty","chunk_label":"unnamed-chunk-1","document_id":"55B8BDA0","expansion_state":0,"options":{"engine":"r","label":"unnamed-chunk-5"},"row":89,"row_count":1,"visible":true},{"chunk_id":"c35nmxg31sheq","chunk_label":"unnamed-chunk-2","document_id":"55B8BDA0","expansion_state":0,"options":{"engine":"r","label":"unnamed-chunk-7"},"row":96,"row_count":1,"visible":true},{"chunk_id":"cn66fi5j5rasi","chunk_label":"unnamed-chunk-3","document_id":"55B8BDA0","expansion_state":0,"options":{"engine":"r","label":"unnamed-chunk-10"},"row":110,"row_count":1,"visible":true},{"chunk_id":"cztyyka0hkwo9","chunk_label":"unnamed-chunk-4","document_id":"55B8BDA0","expansion_state":0,"options":{"engine":"r","label":"unnamed-chunk-15"},"row":123,"row_count":1,"visible":true}],"chunk_rendered_width":646,"default_chunk_options":{"echo":true,"message":false,"warning":false},"doc_write_time":1593963496,"working_dir":null}